problem_index,0
001,2
002,2
003,2
004,2
005,2
006,2
007,2
008,2
009,2
01,1
010,2
011,2
012,2
013,2
014,2
015,2
016,2
017,2
018,2
019,2
02,1
020,2
021,2
022,2
023,2
024,2
025,2
026,2
027,2
028,1
029,2
03,1
030,1
031,2
032,2
033,2
034,2
035,2
036,1
037,2
038,2
039,2
04,1
040,2
041,2
042,1
043,2
044,2
045,1
046,1
047,2
048,1
049,2
05,1
050,2
051,2
052,1
053,2
054,2
055,2
056,2
057,2
058,2
059,2
06,1
060,2
061,2
062,1
063,2
064,2
065,1
066,2
067,1
068,2
069,1
07,1
070,1
071,2
072,1
073,2
074,2
075,2
076,1
077,2
078,2
079,1
08,1
080,2
081,2
082,2
083,1
084,1
085,2
086,2
087,2
088,1
089,2
09,1
090,1
091,1
092,1
097,1
098,1
1,5
10,1
100,1
103,1
104,1
11,1
12,1
13,1
14,1
2,5
3,5
4,2
5,1
A,3297
A-Final,3
A01,1
A02,1
A03,1
A04,1
A05,1
A07,1
A08,1
A09,1
A1,27
A10,1
A11,1
A12,1
A13,1
A14,1
A15,1
A16,1
A17,1
A18,1
A19,1
A2,28
A20,1
A21,1
A22,1
A23,1
A24,1
A25,1
A26,1
A28,1
A3,11
A30,1
A31,1
A32,1
A33,1
A34,1
A35,1
A36,1
A37,1
A38,1
A4,4
A40,1
A41,1
A42,1
A43,1
A44,1
A45,1
A46,1
A49,1
A5,3
A51,1
A52,1
A53,1
A54,1
A55,1
A56,1
A57,1
A58,1
A59,1
A6,2
A60,1
A61,1
A64,1
A65,1
A66,1
A67,1
A68,1
A69,1
A7,1
A70,1
A71,1
A72,1
A73,1
A74,1
A75,1
A76,1
AA,1
AB,1
AC,1
AD,1
AE,1
AF,1
AG,1
AH,1
AI,1
AJ,1
AP1,2
AP2,2
AP3,1
AP4,1
B,3165
B01,1
B02,1
B03,1
B04,1
B06,1
B08,1
B09,1
B1,39
B11,1
B12,1
B13,1
B14,1
B17,1
B18,1
B19,1
B2,39
B20,1
B21,1
B23,1
B24,1
B26,1
B27,1
B29,1
B3,6
B30,1
B31,1
B32,1
B33,1
B34,1
B36,1
B37,1
B38,1
B39,1
B4,1
B40,1
B41,1
B42,1
B43,1
B44,1
B45,1
B51,1
B52,1
B54,1
B55,1
B56,1
B57,1
B58,1
B59,1
B61,1
B62,1
B64,1
B65,1
B66,1
B67,1
B68,1
B69,1
C,2831
C01,1
C02,1
C03,1
C04,1
C05,1
C06,1
C07,1
C08,1
C1,56
C10,1
C11,1
C12,1
C13,1
C14,1
C15,1
C16,1
C17,1
C19,1
C2,56
C20,1
C3,11
D,2758
D1,75
D10,1
D2,73
D3,11
D4,3
D5,3
D6,2
D7,1
D8,1
D9,1
E,2540
E1,82
E2,82
E3,9
EX1,2
EX10,2
EX11,2
EX12,2
EX13,2
EX14,1
EX15,1
EX16,1
EX17,1
EX18,1
EX19,1
EX2,2
EX20,1
EX21,1
EX22,1
EX23,1
EX24,1
EX25,1
EX26,1
EX3,2
EX4,2
EX5,2
EX6,2
EX7,2
EX8,2
EX9,2
Ex,85
F,1716
F1,71
F2,74
F3,7
G,1224
G1,33
G2,32
G3,7
H,704
H1,13
H2,13
H3,1
I,512
I1,5
I2,5
J,218
J1,1
J2,1
J3,1
K,157
K1,1
K2,1
K3,1
K4,1
K5,1
K6,1
L,139
M,100
M1,1
M2,1
M3,1
N,72
O,62
P,26
Q,15
R,10
S,5
T,5
U,3
U1,1
U2,1
U3,1
V,3
W,3
X,4
Y,2
Z,2
abduction,1
advertisement,1
anagram,1
aplusb,1
apples,1
banner,1
belt,1
bookshelf,1
broadcasting1,1
broadcasting2,1
broadcasting3,1
broadcasting4,1
broadcasting5,1
building,1
building2,1
cheating,1
chinese,1
chopsticks,1
circuit,1
committee,1
constellation,1
contest,2
copypaste,1
deciphering,1
distribution,1
dna,1
dragon,1
election1,1
election2,1
election3,1
election4,1
election5,1
factorial,1
fermat,1
fiber,1
finals,1
fish,1
flu,1
fortune_telling,1
fraction,1
guess,1
hideseek,1
highway,1
invitation,1
ioi,1
joi_flag,1
joitter,1
kangaroo,1
keycards,1
lake,1
lines,1
logo,1
mall,1
nightman,1
nile,1
orienteering,1
origami,1
packing1,1
packing2,1
packing3,1
packing4,1
packing5,1
plugs,1
poster,1
pyramid,1
regions,1
report,1
rotate,1
route,1
ruins,1
salt,1
score,1
sengoku,1
sequence,1
sheet,1
shiritori,1
simroad1,1
simroad2,1
simroad3,1
simroad4,1
simroad5,1
ski,1
sokoban,1
stairs,1
stamps,1
starry_sky,1
territory,1
typhoon,1
ufo1,1
ufo2,1
ufo3,1
ufo4,1
ufo5,1
